{
  "total_predictions": 1407,
  "confident_predictions": 0,
  "confident_ratio": 0.0,
  "confidence_stats": {
    "mean": 0.03500034531849644,
    "std": 0.03400239737442342,
    "min": 0.0,
    "max": 0.18750840425491333,
    "median": 0.02418452501296997
  },
  "similarity_stats": {
    "mean": 0.5880262437679796,
    "std": 0.3101181823428419,
    "min": -0.4877427816390991,
    "max": 1.4238053560256958,
    "median": 0.6144096851348877
  },
  "generation_time": "2025-08-26T03:02:34.751725"
}